{
    "retrieval": {
        "mean": 0.07244293919104772,
        "median": 0.07034841649965529,
        "p95": 0.07854252049964998,
        "p99": 0.12539299392010433
    },
    "generation": {
        "mean": 42.04437899333337,
        "median": 43.67522027099949,
        "p95": 57.242895116699295,
        "p99": 67.55979164074938
    }
}